cik|parent_cik|name|ticker|rptOwnerName|rptOwnerCik|isDirector|isOfficer|isTenPercentOwner|isOther|officerTitle|security_title|transaction_date|form_type|code|equity_swap|shares|acquired_disposed_code|shares_owned_following_transaction|direct_or_indirect_ownership|form4_link|open|high|low|close|adj_close|volume|daily_return|percent_change|range|average_price|shares_value_usd
0001647639|1647639|Upstart Holdings, Inc.|UPST|Nicoll Alison|0001833661|0|1|0|0|General Counsel|Employee Stock Option (Right to buy)|2022-01-12|4|M|0|7500|D|65000|D|https://www.sec.gov/Archives/edgar/data/1647639/000162828022000964/wf-form4_164219736134148.xml|125.6|128.29|117.2|118.41|118.41|5298800.0|-0.06|-5.72|11.09|122.74|920579.97
0001647639|1647639|Upstart Holdings, Inc.|UPST|Nicoll Alison|0001833661|0|1|0|0|General Counsel|Employee Stock Option (Right to buy)|2022-01-12|4|M|0|7500|D|65000|D|https://www.sec.gov/Archives/edgar/data/1647639/000162828022000964/wf-form4_164219736134148.xml|125.6|128.29|117.2|118.41|118.41|5298800.0|-0.06|-5.72|11.09|122.74|920579.97
0001647639|1647639|Upstart Holdings, Inc.|UPST|Nicoll Alison|0001833661|0|1|0|0|General Counsel|Employee Stock Option (Right to buy)|2022-01-19|4|M|0|7500|D|57500|D|https://www.sec.gov/Archives/edgar/data/1647639/000162828022001142/wf-form4_164280623886462.xml|110.53|112.88|105.49|106.01|106.01|3993900.0|-0.04|-4.09|7.39|109.18|818887.48
0001647639|1647639|Upstart Holdings, Inc.|UPST|Nicoll Alison|0001833661|0|1|0|0|General Counsel|Employee Stock Option (Right to buy)|2022-01-19|4|M|0|7500|D|57500|D|https://www.sec.gov/Archives/edgar/data/1647639/000162828022001142/wf-form4_164280623886462.xml|110.53|112.88|105.49|106.01|106.01|3993900.0|-0.04|-4.09|7.39|109.18|818887.48
0001647639|1647639|Upstart Holdings, Inc.|UPST|Nicoll Alison|0001833661|0|1|0|0|General Counsel and Secretary|Employee Stock Option (Right to buy)|2022-05-25|4|M|0|7500|D|22500|D|https://www.sec.gov/Archives/edgar/data/1647639/000162828022015643/wf-form4_165368617465792.xml|37.39|41.15|36.62|40.47|40.47|7670700.0|0.08|8.24|4.53|38.89|291637.5
0001647639|1647639|Upstart Holdings, Inc.|UPST|Nicoll Alison|0001833661|0|1|0|0|General Counsel and Secretary|Employee Stock Option (Right to buy)|2022-05-25|4|M|0|7500|D|22500|D|https://www.sec.gov/Archives/edgar/data/1647639/000162828022015643/wf-form4_165368617465792.xml|37.39|41.15|36.62|40.47|40.47|7670700.0|0.08|8.24|4.53|38.89|291637.5
0001647639|1647639|Upstart Holdings, Inc.|UPST|Nicoll Alison|0001833661|0|1|0|0|General Counsel|Employee Stock Option (Right to buy)|2021-12-29|4|M|0|7500|D|5000|D|https://www.sec.gov/Archives/edgar/data/1647639/000162828021025697/wf-form4_164090566485162.xml|148.91|150.53|141.06|147.9|147.9|3769900.0|-0.01|-0.68|9.47|145.79|1093451.21
0001647639|1647639|Upstart Holdings, Inc.|UPST|Nicoll Alison|0001833661|0|1|0|0|General Counsel|Employee Stock Option (Right to buy)|2021-12-29|4|M|0|7500|D|5000|D|https://www.sec.gov/Archives/edgar/data/1647639/000162828021025697/wf-form4_164090566485162.xml|148.91|150.53|141.06|147.9|147.9|3769900.0|-0.01|-0.68|9.47|145.79|1093451.21
0001647639|1647639|Upstart Holdings, Inc.|UPST|Gu Paul|0001832812|1|1|0|0|SVP, Product and Data Science|Employee Stock Option (Right to buy)|2021-07-14|4|M|0|10000|D|170000|D|https://www.sec.gov/Archives/edgar/data/1647639/000120919121046778/doc4.xml|121.0|121.0|112.02|113.13|113.13|3836000.0|-0.07|-6.5|8.98|116.51|1165075.0
0001647639|1647639|Upstart Holdings, Inc.|UPST|Gu Paul|0001832812|1|1|0|0|SVP, Product and Data Science|Employee Stock Option (Right to buy)|2021-07-14|4|M|0|10000|D|170000|D|https://www.sec.gov/Archives/edgar/data/1647639/000120919121046778/doc4.xml|121.0|121.0|112.02|113.13|113.13|3836000.0|-0.07|-6.5|8.98|116.51|1165075.0
0001647639|1647639|Upstart Holdings, Inc.|UPST|Nicoll Alison|0001833661|0|1|0|0|General Counsel|Employee Stock Option (Right to buy)|2020-12-15|4|M|0|70000|D|280435|D|https://www.sec.gov/Archives/edgar/data/1647639/000120919120064111/doc4.xml|||||||||||
0001647639|1647639|Upstart Holdings, Inc.|UPST|Nicoll Alison|0001833661|0|1|0|0|General Counsel|Employee Stock Option (Right to buy)|2020-12-15|4|M|0|70000|D|280435|D|https://www.sec.gov/Archives/edgar/data/1647639/000120919120064111/doc4.xml|||||||||||
0001647639|1647639|Upstart Holdings, Inc.|UPST|Nicoll Alison|0001833661|0|1|0|0|General Counsel and Secretary|Employee Stock Option (Right to buy)|2022-02-23|4|M|0|7500|D|20000|D|https://www.sec.gov/Archives/edgar/data/1647639/000162828022004009/wf-form4_164582606198302.xml|123.94|126.04|111.71|112.43|112.43|9434600.0|-0.09|-9.29|14.33|118.88|891562.5
0001647639|1647639|Upstart Holdings, Inc.|UPST|Nicoll Alison|0001833661|0|1|0|0|General Counsel and Secretary|Employee Stock Option (Right to buy)|2022-02-23|4|M|0|7500|D|20000|D|https://www.sec.gov/Archives/edgar/data/1647639/000162828022004009/wf-form4_164582606198302.xml|123.94|126.04|111.71|112.43|112.43|9434600.0|-0.09|-9.29|14.33|118.88|891562.5
0001647639|1647639|Upstart Holdings, Inc.|UPST|Nicoll Alison|0001833661|0|1|0|0|General Counsel and Secretary|Employee Stock Option (Right to buy)|2022-05-17|4|M|0|6900|D|37500|D|https://www.sec.gov/Archives/edgar/data/1647639/000164763922000020/wf-form4_165300177908880.xml|38.89|46.87|38.68|46.66|46.66|17297700.0|0.2|19.98|8.19|42.77|295147.5
0001647639|1647639|Upstart Holdings, Inc.|UPST|Nicoll Alison|0001833661|0|1|0|0|General Counsel and Secretary|Employee Stock Option (Right to buy)|2022-05-18|4|M|0|7500|D|30000|D|https://www.sec.gov/Archives/edgar/data/1647639/000164763922000020/wf-form4_165300177908880.xml|43.65|53.0|43.35|48.34|48.34|24315600.0|0.11|10.74|9.65|48.17|361312.49
0001647639|1647639|Upstart Holdings, Inc.|UPST|Nicoll Alison|0001833661|0|1|0|0|General Counsel and Secretary|Employee Stock Option (Right to buy)|2022-05-17|4|M|0|6900|D|37500|D|https://www.sec.gov/Archives/edgar/data/1647639/000164763922000020/wf-form4_165300177908880.xml|38.89|46.87|38.68|46.66|46.66|17297700.0|0.2|19.98|8.19|42.77|295147.5
0001647639|1647639|Upstart Holdings, Inc.|UPST|Nicoll Alison|0001833661|0|1|0|0|General Counsel and Secretary|Employee Stock Option (Right to buy)|2022-05-18|4|M|0|7500|D|30000|D|https://www.sec.gov/Archives/edgar/data/1647639/000164763922000020/wf-form4_165300177908880.xml|43.65|53.0|43.35|48.34|48.34|24315600.0|0.11|10.74|9.65|48.17|361312.49
0001647639|1647639|Upstart Holdings, Inc.|UPST|Nicoll Alison|0001833661|0|1|0|0|General Counsel and Secretary|Employee Stock Option (Right to buy)|2022-04-13|4|M|0|7500|D|67500|D|https://www.sec.gov/Archives/edgar/data/1647639/000162828022009316/wf-form4_165005293899011.xml|83.87|88.8|82.08|88.02|88.02|8371900.0|0.05|4.95|6.72|85.44|640800.02
0001647639|1647639|Upstart Holdings, Inc.|UPST|Nicoll Alison|0001833661|0|1|0|0|General Counsel and Secretary|Employee Stock Option (Right to buy)|2022-04-13|4|M|0|7500|D|67500|D|https://www.sec.gov/Archives/edgar/data/1647639/000162828022009316/wf-form4_165005293899011.xml|83.87|88.8|82.08|88.02|88.02|8371900.0|0.05|4.95|6.72|85.44|640800.02
0001647639|1647639|Upstart Holdings, Inc.|UPST|Datta Sanjay|0001832808|0|1|0|0|Chief Financial Officer|Employee Stock Option (Right to buy)|2022-11-28|4|M|0|3200|D|91439|D|https://www.sec.gov/Archives/edgar/data/1647639/000162828022031097/wf-form4_166984567760103.xml|18.11|19.15|17.77|18.27|18.27|3302000.0|0.01|0.88|1.38|18.46|59072.0
0001647639|1647639|Upstart Holdings, Inc.|UPST|Datta Sanjay|0001832808|0|1|0|0|Chief Financial Officer|Employee Stock Option (Right to buy)|2022-11-28|4|M|0|3200|D|91439|D|https://www.sec.gov/Archives/edgar/data/1647639/000162828022031097/wf-form4_166984567760103.xml|18.11|19.15|17.77|18.27|18.27|3302000.0|0.01|0.88|1.38|18.46|59072.0
0001647639|1647639|Upstart Holdings, Inc.|UPST|Gu Paul|0001832812|1|1|0|0|SVP, Product and Data Science|Performance-based Restricted Stock Unit|2022-02-20|4|A|0|687500|A|687500|D|https://www.sec.gov/Archives/edgar/data/1647639/000162828022003591/wf-form4_164566701221257.xml|||||||||||
0001647639|1647639|Upstart Holdings, Inc.|UPST|Gu Paul|0001832812|1|1|0|0|SVP, Product and Data Science|Performance-based Restricted Stock Unit|2022-02-20|4|A|0|687500|A|687500|D|https://www.sec.gov/Archives/edgar/data/1647639/000162828022003591/wf-form4_164566701221257.xml|||||||||||
0001647639|1647639|Upstart Holdings, Inc.|UPST|Nicoll Alison|0001833661|0|1|0|0|General Counsel and Secretary|Employee Stock Option (Right to buy)|2022-06-24|4|M|0|7500|D|0|D|https://www.sec.gov/Archives/edgar/data/1647639/000162828022018188/wf-form4_165645554458466.xml|39.72|41.3|38.8|40.95|40.95|7497000.0|0.03|3.1|2.5|40.05|300374.99
0001647639|1647639|Upstart Holdings, Inc.|UPST|Nicoll Alison|0001833661|0|1|0|0|General Counsel and Secretary|Employee Stock Option (Right to buy)|2022-06-24|4|M|0|7500|D|117500|D|https://www.sec.gov/Archives/edgar/data/1647639/000162828022018188/wf-form4_165645554458466.xml|39.72|41.3|38.8|40.95|40.95|7497000.0|0.03|3.1|2.5|40.05|300374.99
0001647639|1647639|Upstart Holdings, Inc.|UPST|Nicoll Alison|0001833661|0|1|0|0|General Counsel and Secretary|Employee Stock Option (Right to buy)|2022-06-24|4|M|0|7500|D|0|D|https://www.sec.gov/Archives/edgar/data/1647639/000162828022018188/wf-form4_165645554458466.xml|39.72|41.3|38.8|40.95|40.95|7497000.0|0.03|3.1|2.5|40.05|300374.99
0001647639|1647639|Upstart Holdings, Inc.|UPST|Nicoll Alison|0001833661|0|1|0|0|General Counsel and Secretary|Employee Stock Option (Right to buy)|2022-06-24|4|M|0|7500|D|117500|D|https://www.sec.gov/Archives/edgar/data/1647639/000162828022018188/wf-form4_165645554458466.xml|39.72|41.3|38.8|40.95|40.95|7497000.0|0.03|3.1|2.5|40.05|300374.99
0001647639|1647639|Upstart Holdings, Inc.|UPST|Datta Sanjay|0001832808|0|1|0|0|Chief Financial Officer|Employee Stock Option (Right to buy)|2022-02-20|4|A|0|57027|A|57027|D|https://www.sec.gov/Archives/edgar/data/1647639/000162828022003600/wf-form4_164566731376631.xml|||||||||||
0001647639|1647639|Upstart Holdings, Inc.|UPST|Datta Sanjay|0001832808|0|1|0|0|Chief Financial Officer|Employee Stock Option (Right to buy)|2022-02-20|4|A|0|57027|A|57027|D|https://www.sec.gov/Archives/edgar/data/1647639/000162828022003600/wf-form4_164566731376631.xml|||||||||||
0001647639|1647639|Upstart Holdings, Inc.|UPST|Nicoll Alison|0001833661|0|1|0|0|General Counsel and Secretary|Employee Stock Option (Right to buy)|2022-03-23|4|M|0|7500|D|90000|D|https://www.sec.gov/Archives/edgar/data/1647639/000162828022007341/wf-form4_164824009871015.xml|123.25|127.33|118.0|118.67|118.67|11117000.0|-0.04|-3.72|9.33|122.67|919995.0
0001647639|1647639|Upstart Holdings, Inc.|UPST|Nicoll Alison|0001833661|0|1|0|0|General Counsel and Secretary|Employee Stock Option (Right to buy)|2022-03-23|4|M|0|7500|D|90000|D|https://www.sec.gov/Archives/edgar/data/1647639/000162828022007341/wf-form4_164824009871015.xml|123.25|127.33|118.0|118.67|118.67|11117000.0|-0.04|-3.72|9.33|122.67|919995.0
0001647639|1647639|Upstart Holdings, Inc.|UPST|Nicoll Alison|0001833661|0|1|0|0|General Counsel and Secretary|Employee Stock Option (Right to buy)|2022-02-09|4|M|0|7500|D|35000|D|https://www.sec.gov/Archives/edgar/data/1647639/000162828022002388/wf-form4_164462627998066.xml|102.89|113.24|102.76|112.29|112.29|6599700.0|0.09|9.13|10.48|108.0|810033.76
0001647639|1647639|Upstart Holdings, Inc.|UPST|Nicoll Alison|0001833661|0|1|0|0|General Counsel and Secretary|Employee Stock Option (Right to buy)|2022-02-09|4|M|0|7500|D|35000|D|https://www.sec.gov/Archives/edgar/data/1647639/000162828022002388/wf-form4_164462627998066.xml|102.89|113.24|102.76|112.29|112.29|6599700.0|0.09|9.13|10.48|108.0|810033.76
0001647639|1647639|Upstart Holdings, Inc.|UPST|Datta Sanjay|0001832808|0|1|0|0|Chief Financial Officer|Employee Stock Option (Right to buy)|2022-12-05|4|M|0|3200|D|88239|D|https://www.sec.gov/Archives/edgar/data/1647639/000162828022031537/wf-form4_167044959611709.xml|18.74|18.89|17.31|17.32|17.32|4167900.0|-0.08|-7.58|1.58|18.1|57920.0
0001647639|1647639|Upstart Holdings, Inc.|UPST|Datta Sanjay|0001832808|0|1|0|0|Chief Financial Officer|Employee Stock Option (Right to buy)|2022-12-05|4|M|0|3200|D|88239|D|https://www.sec.gov/Archives/edgar/data/1647639/000162828022031537/wf-form4_167044959611709.xml|18.74|18.89|17.31|17.32|17.32|4167900.0|-0.08|-7.58|1.58|18.1|57920.0
0001647639|1647639|Upstart Holdings, Inc.|UPST|Counselman Anna M.|0001832809|0|1|0|0|SVP, People and Operations|Employee Stock Option (Right to buy)|2021-08-19|4|M|0|308355|D|0|D|https://www.sec.gov/Archives/edgar/data/1647639/000120919121053047/doc4.xml|210.15|213.99|192.51|193.87|193.87|7321700.0|-0.08|-7.75|21.48|203.25|62673153.75
0001647639|1647639|Upstart Holdings, Inc.|UPST|Counselman Anna M.|0001832809|0|1|0|0|SVP, People and Operations|Employee Stock Option (Right to buy)|2021-08-19|4|M|0|300000|D|0|D|https://www.sec.gov/Archives/edgar/data/1647639/000120919121053047/doc4.xml|210.15|213.99|192.51|193.87|193.87|7321700.0|-0.08|-7.75|21.48|203.25|60975000.0
0001647639|1647639|Upstart Holdings, Inc.|UPST|Counselman Anna M.|0001832809|0|1|0|0|SVP, People and Operations|Employee Stock Option (Right to buy)|2021-08-19|4|M|0|308355|D|0|D|https://www.sec.gov/Archives/edgar/data/1647639/000120919121053047/doc4.xml|210.15|213.99|192.51|193.87|193.87|7321700.0|-0.08|-7.75|21.48|203.25|62673153.75
0001647639|1647639|Upstart Holdings, Inc.|UPST|Counselman Anna M.|0001832809|0|1|0|0|SVP, People and Operations|Employee Stock Option (Right to buy)|2021-08-19|4|M|0|300000|D|0|D|https://www.sec.gov/Archives/edgar/data/1647639/000120919121053047/doc4.xml|210.15|213.99|192.51|193.87|193.87|7321700.0|-0.08|-7.75|21.48|203.25|60975000.0
0001647639|1647639|Upstart Holdings, Inc.|UPST|Gu Paul|0001832812|1|1|0|0|SVP, Product and Data Science|Employee Stock Option (Right to buy)|2021-07-13|4|M|0|10000|D|180000|D|https://www.sec.gov/Archives/edgar/data/1647639/000120919121046675/doc4.xml|128.12|129.0|118.53|119.38|119.38|5274200.0|-0.07|-6.82|10.47|123.76|1237649.99
0001647639|1647639|Upstart Holdings, Inc.|UPST|Gu Paul|0001832812|1|1|0|0|SVP, Product and Data Science|Employee Stock Option (Right to buy)|2021-07-13|4|M|0|10000|D|180000|D|https://www.sec.gov/Archives/edgar/data/1647639/000120919121046675/doc4.xml|128.12|129.0|118.53|119.38|119.38|5274200.0|-0.07|-6.82|10.47|123.76|1237649.99
0001647639|1647639|Upstart Holdings, Inc.|UPST|Datta Sanjay|0001832808|0|1|0|0|Chief Financial Officer|Employee Stock Option (Right to buy)|2022-11-14|4|M|0|2300|D|97839|D|https://www.sec.gov/Archives/edgar/data/1647639/000162828022030199/wf-form4_166864110263817.xml|22.01|22.54|20.34|20.56|20.56|6262200.0|-0.07|-6.59|2.2|21.44|49312.0
0001647639|1647639|Upstart Holdings, Inc.|UPST|Datta Sanjay|0001832808|0|1|0|0|Chief Financial Officer|Employee Stock Option (Right to buy)|2022-11-14|4|M|0|2300|D|97839|D|https://www.sec.gov/Archives/edgar/data/1647639/000162828022030199/wf-form4_166864110263817.xml|22.01|22.54|20.34|20.56|20.56|6262200.0|-0.07|-6.59|2.2|21.44|49312.0
0001647639|1647639|Upstart Holdings, Inc.|UPST|Gu Paul|0001832812|1|1|0|0|SVP, Product and Data Science|Employee Stock Option (Right to buy)|2021-10-15|4|M|0|106876|D|0|D|https://www.sec.gov/Archives/edgar/data/1647639/000120919121060995/doc4.xml|385.0|401.49|380.6|390.0|390.0|8525500.0|0.01|1.3|20.89|391.04|41793325.22
0001647639|1647639|Upstart Holdings, Inc.|UPST|Gu Paul|0001832812|1|1|0|0|SVP, Product and Data Science|Employee Stock Option (Right to buy)|2021-10-15|4|M|0|48124|D|221876|D|https://www.sec.gov/Archives/edgar/data/1647639/000120919121060995/doc4.xml|385.0|401.49|380.6|390.0|390.0|8525500.0|0.01|1.3|20.89|391.04|18818649.49
0001647639|1647639|Upstart Holdings, Inc.|UPST|Gu Paul|0001832812|1|1|0|0|SVP, Product and Data Science|Employee Stock Option (Right to buy)|2021-10-15|4|M|0|106876|D|0|D|https://www.sec.gov/Archives/edgar/data/1647639/000120919121060995/doc4.xml|385.0|401.49|380.6|390.0|390.0|8525500.0|0.01|1.3|20.89|391.04|41793325.22
0001647639|1647639|Upstart Holdings, Inc.|UPST|Gu Paul|0001832812|1|1|0|0|SVP, Product and Data Science|Employee Stock Option (Right to buy)|2021-10-15|4|M|0|48124|D|221876|D|https://www.sec.gov/Archives/edgar/data/1647639/000120919121060995/doc4.xml|385.0|401.49|380.6|390.0|390.0|8525500.0|0.01|1.3|20.89|391.04|18818649.49
0001647639|1647639|Upstart Holdings, Inc.|UPST|Nicoll Alison|0001833661|0|1|0|0|General Counsel and Secretary|Employee Stock Option (Right to buy)|2022-03-02|4|M|0|7500|D|12500|D|https://www.sec.gov/Archives/edgar/data/1647639/000162828022005166/wf-form4_164643131668261.xml|148.69|157.75|139.5|156.93|156.93|11287900.0|0.06|5.55|18.25|148.62|1114687.5
0001647639|1647639|Upstart Holdings, Inc.|UPST|Nicoll Alison|0001833661|0|1|0|0|General Counsel and Secretary|Employee Stock Option (Right to buy)|2022-03-02|4|M|0|7500|D|12500|D|https://www.sec.gov/Archives/edgar/data/1647639/000162828022005166/wf-form4_164643131668261.xml|148.69|157.75|139.5|156.93|156.93|11287900.0|0.06|5.55|18.25|148.62|1114687.5
0001647639|1647639|Upstart Holdings, Inc.|UPST|Nicoll Alison|0001833661|0|1|0|0|General Counsel|Employee Stock Option (Right to buy)|2021-11-17|4|M|0|12500|D|50000|D|https://www.sec.gov/Archives/edgar/data/1647639/000183366121000008/wf-form4_163735889927477.xml|235.69|247.7|231.32|232.02|232.02|2975000.0|-0.02|-1.56|16.38|239.51|2993875.03
0001647639|1647639|Upstart Holdings, Inc.|UPST|Nicoll Alison|0001833661|0|1|0|0|General Counsel|Employee Stock Option (Right to buy)|2021-11-17|4|M|0|12500|D|50000|D|https://www.sec.gov/Archives/edgar/data/1647639/000183366121000008/wf-form4_163735889927477.xml|235.69|247.7|231.32|232.02|232.02|2975000.0|-0.02|-1.56|16.38|239.51|2993875.03
0001647639|1647639|Upstart Holdings, Inc.|UPST|Nicoll Alison|0001833661|0|1|0|0|General Counsel|Employee Stock Option (Right to buy)|2021-10-27|4|M|0|22500|D|32935|D|https://www.sec.gov/Archives/edgar/data/1647639/000183366121000002/wf-form4_163554581433893.xml|320.0|334.81|311.5|314.5|314.5|3677000.0|-0.02|-1.72|23.31|323.15|7270987.47
0001647639|1647639|Upstart Holdings, Inc.|UPST|Nicoll Alison|0001833661|0|1|0|0|General Counsel|Employee Stock Option (Right to buy)|2021-10-27|4|M|0|22500|D|32935|D|https://www.sec.gov/Archives/edgar/data/1647639/000183366121000002/wf-form4_163554581433893.xml|320.0|334.81|311.5|314.5|314.5|3677000.0|-0.02|-1.72|23.31|323.15|7270987.47
0001647639|1647639|Upstart Holdings, Inc.|UPST|Gu Paul|0001832812|1|1|0|0|SVP, Product and Data Science|Employee Stock Option (Right to buy)|2021-11-09|4|M|0|25000|D|65000|D|https://www.sec.gov/Archives/edgar/data/1647639/000183281221000006/wf-form4_163675111847197.xml|334.0|338.5|307.86|313.71|313.71|6648000.0|-0.06|-6.07|30.64|323.18|8079499.82
0001647639|1647639|Upstart Holdings, Inc.|UPST|Gu Paul|0001832812|1|1|0|0|SVP, Product and Data Science|Employee Stock Option (Right to buy)|2021-11-10|4|M|0|25000|D|40000|D|https://www.sec.gov/Archives/edgar/data/1647639/000183281221000006/wf-form4_163675111847197.xml|242.75|270.87|239.98|256.59|256.59|14442600.0|0.06|5.7|30.89|255.42|6385624.89
0001647639|1647639|Upstart Holdings, Inc.|UPST|Gu Paul|0001832812|1|1|0|0|SVP, Product and Data Science|Employee Stock Option (Right to buy)|2021-11-09|4|M|0|25000|D|65000|D|https://www.sec.gov/Archives/edgar/data/1647639/000183281221000006/wf-form4_163675111847197.xml|334.0|338.5|307.86|313.71|313.71|6648000.0|-0.06|-6.07|30.64|323.18|8079499.82
0001647639|1647639|Upstart Holdings, Inc.|UPST|Gu Paul|0001832812|1|1|0|0|SVP, Product and Data Science|Employee Stock Option (Right to buy)|2021-11-10|4|M|0|25000|D|40000|D|https://www.sec.gov/Archives/edgar/data/1647639/000183281221000006/wf-form4_163675111847197.xml|242.75|270.87|239.98|256.59|256.59|14442600.0|0.06|5.7|30.89|255.42|6385624.89
0001647639|1647639|Upstart Holdings, Inc.|UPST|Gu Paul|0001832812|1|1|0|0|SVP, Product and Data Science|Employee Stock Option (Right to buy)|2021-03-20|4|A|0|50824|A|50824|D|https://www.sec.gov/Archives/edgar/data/1647639/000120919121022654/doc4.xml|||||||||||
0001647639|1647639|Upstart Holdings, Inc.|UPST|Gu Paul|0001832812|1|1|0|0|SVP, Product and Data Science|Employee Stock Option (Right to buy)|2021-03-20|4|A|0|50824|A|50824|D|https://www.sec.gov/Archives/edgar/data/1647639/000120919121022654/doc4.xml|||||||||||
0001647639|1647639|Upstart Holdings, Inc.|UPST|Nicoll Alison|0001833661|0|1|0|0|General Counsel|Employee Stock Option (Right to buy)|2021-09-15|4|M|0|22500|D|167935|D|https://www.sec.gov/Archives/edgar/data/1647639/000120919121056782/doc4.xml|268.1|279.47|261.28|279.09|279.09|4649100.0|0.04|4.1|18.19|270.38|6083437.5
0001647639|1647639|Upstart Holdings, Inc.|UPST|Nicoll Alison|0001833661|0|1|0|0|General Counsel|Employee Stock Option (Right to buy)|2021-09-15|4|M|0|22500|D|167935|D|https://www.sec.gov/Archives/edgar/data/1647639/000120919121056782/doc4.xml|268.1|279.47|261.28|279.09|279.09|4649100.0|0.04|4.1|18.19|270.38|6083437.5
0001647639|1647639|Upstart Holdings, Inc.|UPST|Terry Hilliard C. III|0001481735|1|0|0|0||Stock Option (Right to buy)|2021-11-11|4|M|0|60000|D|68295|D|https://www.sec.gov/Archives/edgar/data/1647639/000162828021023409/wf-form4_163701704530018.xml|264.49|265.99|243.5|246.02|246.02|5351400.0|-0.07|-6.98|22.49|254.74|15284699.71
0001647639|1647639|Upstart Holdings, Inc.|UPST|Terry Hilliard C. III|0001481735|1|0|0|0||Stock Option (Right to buy)|2021-11-11|4|M|0|60000|D|68295|D|https://www.sec.gov/Archives/edgar/data/1647639/000162828021023409/wf-form4_163701704530018.xml|264.49|265.99|243.5|246.02|246.02|5351400.0|-0.07|-6.98|22.49|254.74|15284699.71
0001647639|1647639|Upstart Holdings, Inc.|UPST|Gu Paul|0001832812|1|1|0|0|SVP, Product and Data Science|Employee Stock Option (Right to buy)|2020-12-15|4|M|0|210000|D|0|D|https://www.sec.gov/Archives/edgar/data/1647639/000120919120064106/doc4.xml|||||||||||
0001647639|1647639|Upstart Holdings, Inc.|UPST|Gu Paul|0001832812|1|1|0|0|SVP, Product and Data Science|Employee Stock Option (Right to buy)|2020-12-15|4|M|0|3124|D|116876|D|https://www.sec.gov/Archives/edgar/data/1647639/000120919120064106/doc4.xml|||||||||||
0001647639|1647639|Upstart Holdings, Inc.|UPST|Gu Paul|0001832812|1|1|0|0|SVP, Product and Data Science|Employee Stock Option (Right to buy)|2020-12-15|4|M|0|210000|D|0|D|https://www.sec.gov/Archives/edgar/data/1647639/000120919120064106/doc4.xml|||||||||||
0001647639|1647639|Upstart Holdings, Inc.|UPST|Gu Paul|0001832812|1|1|0|0|SVP, Product and Data Science|Employee Stock Option (Right to buy)|2020-12-15|4|M|0|3124|D|116876|D|https://www.sec.gov/Archives/edgar/data/1647639/000120919120064106/doc4.xml|||||||||||
0001647639|1647639|Upstart Holdings, Inc.|UPST|Nicoll Alison|0001833661|0|1|0|0|General Counsel|Employee Stock Option (Right to buy)|2021-12-15|4|M|0|7500|D|20000|D|https://www.sec.gov/Archives/edgar/data/1647639/000162828021025335/wf-form4_163977789081833.xml|144.88|156.39|141.0|154.23|154.23|6309200.0|0.06|6.46|15.39|148.69|1115212.5
0001647639|1647639|Upstart Holdings, Inc.|UPST|Nicoll Alison|0001833661|0|1|0|0|General Counsel|Employee Stock Option (Right to buy)|2021-12-15|4|M|0|7500|D|20000|D|https://www.sec.gov/Archives/edgar/data/1647639/000162828021025335/wf-form4_163977789081833.xml|144.88|156.39|141.0|154.23|154.23|6309200.0|0.06|6.46|15.39|148.69|1115212.5
0001647639|1647639|Upstart Holdings, Inc.|UPST|Nicoll Alison|0001833661|0|1|0|0|General Counsel and Secretary|Employee Stock Option (Right to buy)|2022-03-30|4|M|0|7500|D|82500|D|https://www.sec.gov/Archives/edgar/data/1647639/000162828022008162/wf-form4_164884463582948.xml|117.12|125.4|112.65|114.14|114.14|12155200.0|-0.03|-2.54|12.75|119.03|892687.51
0001647639|1647639|Upstart Holdings, Inc.|UPST|Nicoll Alison|0001833661|0|1|0|0|General Counsel and Secretary|Employee Stock Option (Right to buy)|2022-03-30|4|M|0|7500|D|82500|D|https://www.sec.gov/Archives/edgar/data/1647639/000162828022008162/wf-form4_164884463582948.xml|117.12|125.4|112.65|114.14|114.14|12155200.0|-0.03|-2.54|12.75|119.03|892687.51
0001647639|1647639|Upstart Holdings, Inc.|UPST|Nicoll Alison|0001833661|0|1|0|0|General Counsel and Secretary|Employee Stock Option (Right to buy)|2022-05-20|4|M|0|82505|D|0|D|https://www.sec.gov/Archives/edgar/data/1647639/000164763922000036/wf-form4_165343032947340.xml|48.43|50.44|40.13|44.7|44.7|23575300.0|-0.08|-7.7|10.31|45.28|3736238.91
0001647639|1647639|Upstart Holdings, Inc.|UPST|Nicoll Alison|0001833661|0|1|0|0|General Counsel and Secretary|Employee Stock Option (Right to buy)|2022-05-20|4|M|0|21847|D|0|D|https://www.sec.gov/Archives/edgar/data/1647639/000164763922000036/wf-form4_165343032947340.xml|48.43|50.44|40.13|44.7|44.7|23575300.0|-0.08|-7.7|10.31|45.28|989341.39
0001647639|1647639|Upstart Holdings, Inc.|UPST|Nicoll Alison|0001833661|0|1|0|0|General Counsel and Secretary|Employee Stock Option (Right to buy)|2022-05-20|4|M|0|34476|D|83334|D|https://www.sec.gov/Archives/edgar/data/1647639/000164763922000036/wf-form4_165343032947340.xml|48.43|50.44|40.13|44.7|44.7|23575300.0|-0.08|-7.7|10.31|45.28|1561245.65
0001647639|1647639|Upstart Holdings, Inc.|UPST|Nicoll Alison|0001833661|0|1|0|0|General Counsel and Secretary|Employee Stock Option (Right to buy)|2022-05-20|4|M|0|82505|D|0|D|https://www.sec.gov/Archives/edgar/data/1647639/000164763922000036/wf-form4_165343032947340.xml|48.43|50.44|40.13|44.7|44.7|23575300.0|-0.08|-7.7|10.31|45.28|3736238.91
0001647639|1647639|Upstart Holdings, Inc.|UPST|Nicoll Alison|0001833661|0|1|0|0|General Counsel and Secretary|Employee Stock Option (Right to buy)|2022-05-20|4|M|0|21847|D|0|D|https://www.sec.gov/Archives/edgar/data/1647639/000164763922000036/wf-form4_165343032947340.xml|48.43|50.44|40.13|44.7|44.7|23575300.0|-0.08|-7.7|10.31|45.28|989341.39
0001647639|1647639|Upstart Holdings, Inc.|UPST|Nicoll Alison|0001833661|0|1|0|0|General Counsel and Secretary|Employee Stock Option (Right to buy)|2022-05-20|4|M|0|34476|D|83334|D|https://www.sec.gov/Archives/edgar/data/1647639/000164763922000036/wf-form4_165343032947340.xml|48.43|50.44|40.13|44.7|44.7|23575300.0|-0.08|-7.7|10.31|45.28|1561245.65
0001647639|1647639|Upstart Holdings, Inc.|UPST|Gu Paul|0001832812|1|1|0|0|SVP, Product and Data Science|Employee Stock Option (Right to buy)|2021-10-26|4|M|0|20000|D|110000|D|https://www.sec.gov/Archives/edgar/data/1647639/000183281221000002/wf-form4_163545437798391.xml|352.56|355.72|310.02|327.08|327.08|7312900.0|-0.07|-7.23|45.7|332.87|6657399.9
0001647639|1647639|Upstart Holdings, Inc.|UPST|Gu Paul|0001832812|1|1|0|0|SVP, Product and Data Science|Employee Stock Option (Right to buy)|2021-10-26|4|M|0|20000|D|110000|D|https://www.sec.gov/Archives/edgar/data/1647639/000183281221000002/wf-form4_163545437798391.xml|352.56|355.72|310.02|327.08|327.08|7312900.0|-0.07|-7.23|45.7|332.87|6657399.9
0001647639|1647639|Upstart Holdings, Inc.|UPST|Nicoll Alison|0001833661|0|1|0|0|General Counsel|Employee Stock Option (Right to buy)|2021-11-24|4|M|0|7500|D|42500|D|https://www.sec.gov/Archives/edgar/data/1647639/000164763921000042/wf-form4_163823246470751.xml|191.29|210.01|190.23|207.6|207.6|4320500.0|0.09|8.53|19.78|200.12|1500899.96
0001647639|1647639|Upstart Holdings, Inc.|UPST|Nicoll Alison|0001833661|0|1|0|0|General Counsel|Employee Stock Option (Right to buy)|2021-11-24|4|M|0|7500|D|42500|D|https://www.sec.gov/Archives/edgar/data/1647639/000164763921000042/wf-form4_163823246470751.xml|191.29|210.01|190.23|207.6|207.6|4320500.0|0.09|8.53|19.78|200.12|1500899.96
0001647639|1647639|Upstart Holdings, Inc.|UPST|Nicoll Alison|0001833661|0|1|0|0|General Counsel|Employee Stock Option (Right to buy)|2021-12-01|4|M|0|7500|D|35000|D|https://www.sec.gov/Archives/edgar/data/1647639/000183366121000010/wf-form4_163858247900433.xml|206.29|209.03|176.0|179.65|179.65|6290500.0|-0.13|-12.91|33.03|192.52|1443877.49
0001647639|1647639|Upstart Holdings, Inc.|UPST|Nicoll Alison|0001833661|0|1|0|0|General Counsel|Employee Stock Option (Right to buy)|2021-12-01|4|M|0|7500|D|35000|D|https://www.sec.gov/Archives/edgar/data/1647639/000183366121000010/wf-form4_163858247900433.xml|206.29|209.03|176.0|179.65|179.65|6290500.0|-0.13|-12.91|33.03|192.52|1443877.49
0001647639|1647639|Upstart Holdings, Inc.|UPST|Nicoll Alison|0001833661|0|1|0|0|General Counsel|Employee Stock Option (Right to buy)|2021-09-01|4|M|0|22500|D|282935|D|https://www.sec.gov/Archives/edgar/data/1647639/000120919121054911/doc4.xml|228.33|228.69|222.75|226.81|226.81|2525800.0|-0.01|-0.66|5.94|225.72|5078700.03
0001647639|1647639|Upstart Holdings, Inc.|UPST|Nicoll Alison|0001833661|0|1|0|0|General Counsel|Employee Stock Option (Right to buy)|2021-09-01|4|M|0|22500|D|282935|D|https://www.sec.gov/Archives/edgar/data/1647639/000120919121054911/doc4.xml|228.33|228.69|222.75|226.81|226.81|2525800.0|-0.01|-0.66|5.94|225.72|5078700.03
0001647639|1647639|Upstart Holdings, Inc.|UPST|Nicoll Alison|0001833661|0|1|0|0|General Counsel|Employee Stock Option (Right to buy)|2022-02-02|4|M|0|7500|D|42500|D|https://www.sec.gov/Archives/edgar/data/1647639/000162828022001871/wf-form4_164402072515645.xml|115.04|116.4|103.11|105.79|105.79|7537800.0|-0.08|-8.04|13.29|109.76|823162.51
0001647639|1647639|Upstart Holdings, Inc.|UPST|Nicoll Alison|0001833661|0|1|0|0|General Counsel|Employee Stock Option (Right to buy)|2022-02-02|4|M|0|7500|D|42500|D|https://www.sec.gov/Archives/edgar/data/1647639/000162828022001871/wf-form4_164402072515645.xml|115.04|116.4|103.11|105.79|105.79|7537800.0|-0.08|-8.04|13.29|109.76|823162.51
0001647639|1647639|Upstart Holdings, Inc.|UPST|Datta Sanjay|0001832808|0|1|0|0|Chief Financial Officer|Employee Stock Option (Right to buy)|2021-03-20|4|A|0|50824|A|50824|D|https://www.sec.gov/Archives/edgar/data/1647639/000120919121022650/doc4.xml|||||||||||
0001647639|1647639|Upstart Holdings, Inc.|UPST|Datta Sanjay|0001832808|0|1|0|0|Chief Financial Officer|Employee Stock Option (Right to buy)|2021-03-20|4|A|0|50824|A|50824|D|https://www.sec.gov/Archives/edgar/data/1647639/000120919121022650/doc4.xml|||||||||||
0001647639|1647639|Upstart Holdings, Inc.|UPST|Nicoll Alison|0001833661|0|1|0|0|General Counsel|Employee Stock Option (Right to buy)|2021-08-25|4|M|0|22500|D|305435|D|https://www.sec.gov/Archives/edgar/data/1647639/000120919121053752/doc4.xml|218.85|223.82|214.09|214.14|214.14|3929400.0|-0.02|-2.15|9.73|218.96|4926510.03
0001647639|1647639|Upstart Holdings, Inc.|UPST|Nicoll Alison|0001833661|0|1|0|0|General Counsel|Employee Stock Option (Right to buy)|2021-08-25|4|M|0|22500|D|305435|D|https://www.sec.gov/Archives/edgar/data/1647639/000120919121053752/doc4.xml|218.85|223.82|214.09|214.14|214.14|3929400.0|-0.02|-2.15|9.73|218.96|4926510.03
0001647639|1647639|Upstart Holdings, Inc.|UPST|Counselman Anna M.|0001832809|0|1|0|0|SVP, People and Operations|Employee Stock Option (Right to buy)|2020-12-15|4|M|0|77145|D|308355|D|https://www.sec.gov/Archives/edgar/data/1647639/000120919120064105/doc4.xml|||||||||||
0001647639|1647639|Upstart Holdings, Inc.|UPST|Counselman Anna M.|0001832809|0|1|0|0|SVP, People and Operations|Employee Stock Option (Right to buy)|2020-12-15|4|M|0|77145|D|308355|D|https://www.sec.gov/Archives/edgar/data/1647639/000120919120064105/doc4.xml|||||||||||
0001647639|1647639|Upstart Holdings, Inc.|UPST|Gu Paul|0001832812|1|1|0|0|SVP, Product and Data Science|Employee Stock Option (Right to buy)|2021-08-19|4|M|0|20000|D|130000|D|https://www.sec.gov/Archives/edgar/data/1647639/000120919121053044/doc4.xml|210.15|213.99|192.51|193.87|193.87|7321700.0|-0.08|-7.75|21.48|203.25|4065000.0
0001647639|1647639|Upstart Holdings, Inc.|UPST|Gu Paul|0001832812|1|1|0|0|SVP, Product and Data Science|Employee Stock Option (Right to buy)|2021-08-19|4|M|0|20000|D|130000|D|https://www.sec.gov/Archives/edgar/data/1647639/000120919121053044/doc4.xml|210.15|213.99|192.51|193.87|193.87|7321700.0|-0.08|-7.75|21.48|203.25|4065000.0
0001647639|1647639|Upstart Holdings, Inc.|UPST|Nicoll Alison|0001833661|0|1|0|0|General Counsel and Secretary|Employee Stock Option (Right to buy)|2022-06-08|4|M|0|7500|D|7500|D|https://www.sec.gov/Archives/edgar/data/1647639/000162828022016847/wf-form4_165489416245434.xml|45.15|47.46|42.85|43.35|43.35|6034300.0|-0.04|-4.0|4.61|45.15|338662.49
0001647639|1647639|Upstart Holdings, Inc.|UPST|Nicoll Alison|0001833661|0|1|0|0|General Counsel and Secretary|Employee Stock Option (Right to buy)|2022-06-08|4|M|0|7500|D|7500|D|https://www.sec.gov/Archives/edgar/data/1647639/000162828022016847/wf-form4_165489416245434.xml|45.15|47.46|42.85|43.35|43.35|6034300.0|-0.04|-4.0|4.61|45.15|338662.49
0001647639|1647639|Upstart Holdings, Inc.|UPST|Gu Paul|0001832812|1|1|0|0|Chief Technology Offier|Employee Stock Option (Right to buy)|2022-12-19|4|M|0|50876|D|130000|D|https://www.sec.gov/Archives/edgar/data/1647639/000162828022032420/wf-form4_167165712099389.xml|15.38|15.38|14.32|14.55|14.55|3705500.0|-0.05|-5.4|1.06|14.85|755508.6
0001647639|1647639|Upstart Holdings, Inc.|UPST|Gu Paul|0001832812|1|1|0|0|Chief Technology Offier|Employee Stock Option (Right to buy)|2022-12-19|4|M|0|50876|D|130000|D|https://www.sec.gov/Archives/edgar/data/1647639/000162828022032420/wf-form4_167165712099389.xml|15.38|15.38|14.32|14.55|14.55|3705500.0|-0.05|-5.4|1.06|14.85|755508.6
0001647639|1647639|Upstart Holdings, Inc.|UPST|Nicoll Alison|0001833661|0|1|0|0|General Counsel and Secretary|Employee Stock Option (Right to buy)|2022-02-20|4|A|0|15208|A|15208|D|https://www.sec.gov/Archives/edgar/data/1647639/000162828022003597/wf-form4_164566723391354.xml|||||||||||
0001647639|1647639|Upstart Holdings, Inc.|UPST|Nicoll Alison|0001833661|0|1|0|0|General Counsel and Secretary|Employee Stock Option (Right to buy)|2022-02-20|4|A|0|15208|A|15208|D|https://www.sec.gov/Archives/edgar/data/1647639/000162828022003597/wf-form4_164566723391354.xml|||||||||||
0001647639|1647639|Upstart Holdings, Inc.|UPST|Datta Sanjay|0001832808|0|1|0|0|Chief Financial Officer|Employee Stock Option (Right to buy)|2022-12-27|4|M|0|3200|D|78639|D|https://www.sec.gov/Archives/edgar/data/1647639/000162828022032643/wf-form4_167226440292719.xml|||||||||||
0001647639|1647639|Upstart Holdings, Inc.|UPST|Datta Sanjay|0001832808|0|1|0|0|Chief Financial Officer|Employee Stock Option (Right to buy)|2022-12-27|4|M|0|3200|D|78639|D|https://www.sec.gov/Archives/edgar/data/1647639/000162828022032643/wf-form4_167226440292719.xml|||||||||||
0001647639|1647639|Upstart Holdings, Inc.|UPST|Nicoll Alison|0001833661|0|1|0|0|General Counsel and Secretary|Employee Stock Option (Right to buy)|2022-02-16|4|M|0|7500|D|27500|D|https://www.sec.gov/Archives/edgar/data/1647639/000162828022003202/wf-form4_164522490125134.xml|137.2|150.1|133.03|148.01|148.01|33838000.0|0.08|7.88|17.07|141.57|1061737.52
0001647639|1647639|Upstart Holdings, Inc.|UPST|Nicoll Alison|0001833661|0|1|0|0|General Counsel and Secretary|Employee Stock Option (Right to buy)|2022-02-16|4|M|0|7500|D|27500|D|https://www.sec.gov/Archives/edgar/data/1647639/000162828022003202/wf-form4_164522490125134.xml|137.2|150.1|133.03|148.01|148.01|33838000.0|0.08|7.88|17.07|141.57|1061737.52
0001647639|1647639|Upstart Holdings, Inc.|UPST|Girouard Dave|0001832805|1|1|1|0|Chief Executive Officer|Employee Stock Option (Right to buy)|2022-02-20|4|A|0|74515|A|74515|D|https://www.sec.gov/Archives/edgar/data/1647639/000162828022003602/wf-form4_164566740843666.xml|||||||||||
0001647639|1647639|Upstart Holdings, Inc.|UPST|Girouard Dave|0001832805|1|1|1|0|Chief Executive Officer|Employee Stock Option (Right to buy)|2022-02-20|4|A|0|74515|A|74515|D|https://www.sec.gov/Archives/edgar/data/1647639/000162828022003602/wf-form4_164566740843666.xml|||||||||||
0001647639|1647639|Upstart Holdings, Inc.|UPST|Nicoll Alison|0001833661|0|1|0|0|General Counsel|Employee Stock Option (Right to buy)|2021-10-06|4|M|0|22500|D|100435|D|https://www.sec.gov/Archives/edgar/data/1647639/000120919121060047/doc4.xml|289.25|313.6|286.78|307.7|307.7|4922300.0|0.06|6.38|26.82|300.19|6754275.05
0001647639|1647639|Upstart Holdings, Inc.|UPST|Nicoll Alison|0001833661|0|1|0|0|General Counsel|Employee Stock Option (Right to buy)|2021-10-06|4|M|0|22500|D|100435|D|https://www.sec.gov/Archives/edgar/data/1647639/000120919121060047/doc4.xml|289.25|313.6|286.78|307.7|307.7|4922300.0|0.06|6.38|26.82|300.19|6754275.05
0001647639|1647639|Upstart Holdings, Inc.|UPST|Nicoll Alison|0001833661|0|1|0|0|General Counsel and Secretary|Employee Stock Option (Right to buy)|2022-04-06|4|M|0|7500|D|75000|D|https://www.sec.gov/Archives/edgar/data/1647639/000162828022008828/wf-form4_164944973582698.xml|101.67|101.67|93.75|97.3|97.3|13593100.0|-0.04|-4.3|7.92|97.71|732824.99
0001647639|1647639|Upstart Holdings, Inc.|UPST|Nicoll Alison|0001833661|0|1|0|0|General Counsel and Secretary|Employee Stock Option (Right to buy)|2022-04-06|4|M|0|7500|D|75000|D|https://www.sec.gov/Archives/edgar/data/1647639/000162828022008828/wf-form4_164944973582698.xml|101.67|101.67|93.75|97.3|97.3|13593100.0|-0.04|-4.3|7.92|97.71|732824.99
0001647639|1647639|Upstart Holdings, Inc.|UPST|Gu Paul|0001832812|1|1|0|0|SVP, Product and Data Science|Employee Stock Option (Right to buy)|2021-09-15|4|M|0|155000|D|106876|D|https://www.sec.gov/Archives/edgar/data/1647639/000120919121056783/doc4.xml|268.1|279.47|261.28|279.09|279.09|4649100.0|0.04|4.1|18.19|270.38|41908125.0
0001647639|1647639|Upstart Holdings, Inc.|UPST|Gu Paul|0001832812|1|1|0|0|SVP, Product and Data Science|Employee Stock Option (Right to buy)|2021-09-15|4|M|0|155000|D|106876|D|https://www.sec.gov/Archives/edgar/data/1647639/000120919121056783/doc4.xml|268.1|279.47|261.28|279.09|279.09|4649100.0|0.04|4.1|18.19|270.38|41908125.0
0001647639|1647639|Upstart Holdings, Inc.|UPST|Gu Paul|0001832812|1|1|0|0|SVP, Product and Data Science|Employee Stock Option (Right to buy)|2021-08-16|4|M|0|116876|D|0|D|https://www.sec.gov/Archives/edgar/data/1647639/000120919121052430/doc4.xml|198.2|213.9|188.28|200.89|200.89|10637000.0|0.01|1.36|25.62|201.09|23502594.41
0001647639|1647639|Upstart Holdings, Inc.|UPST|Gu Paul|0001832812|1|1|0|0|SVP, Product and Data Science|Employee Stock Option (Right to buy)|2021-08-16|4|M|0|38124|D|261876|D|https://www.sec.gov/Archives/edgar/data/1647639/000120919121052430/doc4.xml|198.2|213.9|188.28|200.89|200.89|10637000.0|0.01|1.36|25.62|201.09|7666355.02
0001647639|1647639|Upstart Holdings, Inc.|UPST|Gu Paul|0001832812|1|1|0|0|SVP, Product and Data Science|Employee Stock Option (Right to buy)|2021-08-16|4|M|0|116876|D|0|D|https://www.sec.gov/Archives/edgar/data/1647639/000120919121052430/doc4.xml|198.2|213.9|188.28|200.89|200.89|10637000.0|0.01|1.36|25.62|201.09|23502594.41
0001647639|1647639|Upstart Holdings, Inc.|UPST|Gu Paul|0001832812|1|1|0|0|SVP, Product and Data Science|Employee Stock Option (Right to buy)|2021-08-16|4|M|0|38124|D|261876|D|https://www.sec.gov/Archives/edgar/data/1647639/000120919121052430/doc4.xml|198.2|213.9|188.28|200.89|200.89|10637000.0|0.01|1.36|25.62|201.09|7666355.02
0001647639|1647639|Upstart Holdings, Inc.|UPST|Gu Paul|0001832812|1|1|0|0|SVP, Product and Data Science|Employee Stock Option (Right to buy)|2021-11-15|4|M|0|40000|D|0|D|https://www.sec.gov/Archives/edgar/data/1647639/000183281221000008/wf-form4_163719682383001.xml|260.52|261.99|232.5|233.78|233.78|7801600.0|-0.1|-10.26|29.49|247.24|9889799.8
0001647639|1647639|Upstart Holdings, Inc.|UPST|Gu Paul|0001832812|1|1|0|0|SVP, Product and Data Science|Employee Stock Option (Right to buy)|2021-11-15|4|M|0|10000|D|160000|D|https://www.sec.gov/Archives/edgar/data/1647639/000183281221000008/wf-form4_163719682383001.xml|260.52|261.99|232.5|233.78|233.78|7801600.0|-0.1|-10.26|29.49|247.24|2472449.95
0001647639|1647639|Upstart Holdings, Inc.|UPST|Gu Paul|0001832812|1|1|0|0|SVP, Product and Data Science|Employee Stock Option (Right to buy)|2021-11-15|4|M|0|39000|D|182876|D|https://www.sec.gov/Archives/edgar/data/1647639/000183281221000008/wf-form4_163719682383001.xml|260.52|261.99|232.5|233.78|233.78|7801600.0|-0.1|-10.26|29.49|247.24|9642554.81
0001647639|1647639|Upstart Holdings, Inc.|UPST|Gu Paul|0001832812|1|1|0|0|SVP, Product and Data Science|Employee Stock Option (Right to buy)|2021-11-15|4|M|0|40000|D|0|D|https://www.sec.gov/Archives/edgar/data/1647639/000183281221000008/wf-form4_163719682383001.xml|260.52|261.99|232.5|233.78|233.78|7801600.0|-0.1|-10.26|29.49|247.24|9889799.8
0001647639|1647639|Upstart Holdings, Inc.|UPST|Gu Paul|0001832812|1|1|0|0|SVP, Product and Data Science|Employee Stock Option (Right to buy)|2021-11-15|4|M|0|10000|D|160000|D|https://www.sec.gov/Archives/edgar/data/1647639/000183281221000008/wf-form4_163719682383001.xml|260.52|261.99|232.5|233.78|233.78|7801600.0|-0.1|-10.26|29.49|247.24|2472449.95
0001647639|1647639|Upstart Holdings, Inc.|UPST|Gu Paul|0001832812|1|1|0|0|SVP, Product and Data Science|Employee Stock Option (Right to buy)|2021-11-15|4|M|0|39000|D|182876|D|https://www.sec.gov/Archives/edgar/data/1647639/000183281221000008/wf-form4_163719682383001.xml|260.52|261.99|232.5|233.78|233.78|7801600.0|-0.1|-10.26|29.49|247.24|9642554.81
0001647639|1647639|Upstart Holdings, Inc.|UPST|Nicoll Alison|0001833661|0|1|0|0|General Counsel|Employee Stock Option (Right to buy)|2021-10-20|4|M|0|22500|D|55435|D|https://www.sec.gov/Archives/edgar/data/1647639/000120919121061372/doc4.xml|364.5|368.98|351.5|355.82|355.82|3842900.0|-0.02|-2.38|17.48|360.24|8105388.79
0001647639|1647639|Upstart Holdings, Inc.|UPST|Nicoll Alison|0001833661|0|1|0|0|General Counsel|Employee Stock Option (Right to buy)|2021-10-20|4|M|0|22500|D|55435|D|https://www.sec.gov/Archives/edgar/data/1647639/000120919121061372/doc4.xml|364.5|368.98|351.5|355.82|355.82|3842900.0|-0.02|-2.38|17.48|360.24|8105388.79
0001647639|1647639|Upstart Holdings, Inc.|UPST|Gu Paul|0001832812|1|1|0|0|SVP, Product and Data Science|Employee Stock Option (Right to buy)|2021-03-05|4|M|0|10000|D|190000|D|https://www.sec.gov/Archives/edgar/data/1647639/000120919121018947/doc4.xml|54.54|55.29|42.51|51.16|51.16|2322100.0|-0.06|-6.2|12.78|48.9|489005.01
0001647639|1647639|Upstart Holdings, Inc.|UPST|Gu Paul|0001832812|1|1|0|0|SVP, Product and Data Science|Employee Stock Option (Right to buy)|2021-03-05|4|M|0|10000|D|190000|D|https://www.sec.gov/Archives/edgar/data/1647639/000120919121018947/doc4.xml|54.54|55.29|42.51|51.16|51.16|2322100.0|-0.06|-6.2|12.78|48.9|489005.01
0001647639|1647639|Upstart Holdings, Inc.|UPST|Nicoll Alison|0001833661|0|1|0|0|General Counsel and Secretary|Employee Stock Option (Right to buy)|2022-03-16|4|M|0|5000|D|0|D|https://www.sec.gov/Archives/edgar/data/1647639/000162828022006745/wf-form4_164763709448001.xml|101.0|108.45|97.78|106.95|106.95|18429500.0|0.06|5.89|10.67|103.11|515574.99
0001647639|1647639|Upstart Holdings, Inc.|UPST|Nicoll Alison|0001833661|0|1|0|0|General Counsel and Secretary|Employee Stock Option (Right to buy)|2022-03-16|4|M|0|2500|D|97500|D|https://www.sec.gov/Archives/edgar/data/1647639/000162828022006745/wf-form4_164763709448001.xml|101.0|108.45|97.78|106.95|106.95|18429500.0|0.06|5.89|10.67|103.11|257787.49
0001647639|1647639|Upstart Holdings, Inc.|UPST|Nicoll Alison|0001833661|0|1|0|0|General Counsel and Secretary|Employee Stock Option (Right to buy)|2022-03-16|4|M|0|5000|D|0|D|https://www.sec.gov/Archives/edgar/data/1647639/000162828022006745/wf-form4_164763709448001.xml|101.0|108.45|97.78|106.95|106.95|18429500.0|0.06|5.89|10.67|103.11|515574.99
0001647639|1647639|Upstart Holdings, Inc.|UPST|Nicoll Alison|0001833661|0|1|0|0|General Counsel and Secretary|Employee Stock Option (Right to buy)|2022-03-16|4|M|0|2500|D|97500|D|https://www.sec.gov/Archives/edgar/data/1647639/000162828022006745/wf-form4_164763709448001.xml|101.0|108.45|97.78|106.95|106.95|18429500.0|0.06|5.89|10.67|103.11|257787.49
0001647639|1647639|Upstart Holdings, Inc.|UPST|Nicoll Alison|0001833661|0|1|0|0|General Counsel and Secretary|Employee Stock Option (Right to buy)|2022-04-27|4|M|0|7500|D|52500|D|https://www.sec.gov/Archives/edgar/data/1647639/000162828022011565/wf-form4_165126747777499.xml|74.58|77.38|71.09|71.84|71.84|6507600.0|-0.04|-3.67|6.29|74.23|556762.48
0001647639|1647639|Upstart Holdings, Inc.|UPST|Nicoll Alison|0001833661|0|1|0|0|General Counsel and Secretary|Employee Stock Option (Right to buy)|2022-04-27|4|M|0|7500|D|52500|D|https://www.sec.gov/Archives/edgar/data/1647639/000162828022011565/wf-form4_165126747777499.xml|74.58|77.38|71.09|71.84|71.84|6507600.0|-0.04|-3.67|6.29|74.23|556762.48
0001647639|1647639|Upstart Holdings, Inc.|UPST|Datta Sanjay|0001832808|0|1|0|0|Chief Financial Officer|Employee Stock Option (Right to buy)|2022-11-21|4|M|0|3200|D|94639|D|https://www.sec.gov/Archives/edgar/data/1647639/000162828022030758/wf-form4_166924208149327.xml|18.63|19.4|18.08|18.56|18.56|3991200.0|-0.0|-0.38|1.32|18.74|59968.0
0001647639|1647639|Upstart Holdings, Inc.|UPST|Datta Sanjay|0001832808|0|1|0|0|Chief Financial Officer|Employee Stock Option (Right to buy)|2022-11-21|4|M|0|3200|D|94639|D|https://www.sec.gov/Archives/edgar/data/1647639/000162828022030758/wf-form4_166924208149327.xml|18.63|19.4|18.08|18.56|18.56|3991200.0|-0.0|-0.38|1.32|18.74|59968.0
0001647639|1647639|Upstart Holdings, Inc.|UPST|Counselman Anna M.|0001832809|0|1|0|0|SVP, People and Operations|Employee Stock Option (Right to buy)|2021-03-20|4|A|0|24460|A|24460|D|https://www.sec.gov/Archives/edgar/data/1647639/000120919121022649/doc4.xml|||||||||||
0001647639|1647639|Upstart Holdings, Inc.|UPST|Counselman Anna M.|0001832809|0|1|0|0|SVP, People and Operations|Employee Stock Option (Right to buy)|2021-03-20|4|A|0|24460|A|24460|D|https://www.sec.gov/Archives/edgar/data/1647639/000120919121022649/doc4.xml|||||||||||
0001647639|1647639|Upstart Holdings, Inc.|UPST|Mirgorodskaya Natalia|0001833851|0|1|0|0|Corporate Controller|Employee Stock Option (Right to buy)|2022-02-20|4|A|0|979|A|979|D|https://www.sec.gov/Archives/edgar/data/1647639/000162828022003595/wf-form4_164566714946449.xml|||||||||||
0001647639|1647639|Upstart Holdings, Inc.|UPST|Mirgorodskaya Natalia|0001833851|0|1|0|0|Corporate Controller|Employee Stock Option (Right to buy)|2022-02-20|4|A|0|1791|A|1791|D|https://www.sec.gov/Archives/edgar/data/1647639/000162828022003595/wf-form4_164566714946449.xml|||||||||||
0001647639|1647639|Upstart Holdings, Inc.|UPST|Mirgorodskaya Natalia|0001833851|0|1|0|0|Corporate Controller|Employee Stock Option (Right to buy)|2022-02-20|4|A|0|979|A|979|D|https://www.sec.gov/Archives/edgar/data/1647639/000162828022003595/wf-form4_164566714946449.xml|||||||||||
0001647639|1647639|Upstart Holdings, Inc.|UPST|Mirgorodskaya Natalia|0001833851|0|1|0|0|Corporate Controller|Employee Stock Option (Right to buy)|2022-02-20|4|A|0|1791|A|1791|D|https://www.sec.gov/Archives/edgar/data/1647639/000162828022003595/wf-form4_164566714946449.xml|||||||||||
0001647639|1647639|Upstart Holdings, Inc.|UPST|Counselman Anna M.|0001832809|0|1|0|0|SVP, People and Operations|Employee Stock Option (Right to buy)|2022-02-20|4|A|0|15208|A|15208|D|https://www.sec.gov/Archives/edgar/data/1647639/000162828022003589/wf-form4_164566692246423.xml|||||||||||
0001647639|1647639|Upstart Holdings, Inc.|UPST|Counselman Anna M.|0001832809|0|1|0|0|SVP, People and Operations|Employee Stock Option (Right to buy)|2022-02-20|4|A|0|15208|A|15208|D|https://www.sec.gov/Archives/edgar/data/1647639/000162828022003589/wf-form4_164566692246423.xml|||||||||||
0001647639|1647639|Upstart Holdings, Inc.|UPST|Nicoll Alison|0001833661|0|1|0|0|General Counsel|Employee Stock Option (Right to buy)|2021-12-08|4|M|0|7500|D|27500|D|https://www.sec.gov/Archives/edgar/data/1647639/000162828021024867/wf-form4_163917269879314.xml|193.21|199.8|182.83|194.37|194.37|4457700.0|0.01|0.6|16.97|191.32|1434862.52
0001647639|1647639|Upstart Holdings, Inc.|UPST|Nicoll Alison|0001833661|0|1|0|0|General Counsel|Employee Stock Option (Right to buy)|2021-12-08|4|M|0|7500|D|27500|D|https://www.sec.gov/Archives/edgar/data/1647639/000162828021024867/wf-form4_163917269879314.xml|193.21|199.8|182.83|194.37|194.37|4457700.0|0.01|0.6|16.97|191.32|1434862.52
0001647639|1647639|Upstart Holdings, Inc.|UPST|Gu Paul|0001832812|1|1|0|0|SVP, Product and Data Science|Employee Stock Option (Right to buy)|2021-10-27|4|M|0|20000|D|90000|D|https://www.sec.gov/Archives/edgar/data/1647639/000183281221000004/wf-form4_163554601580311.xml|320.0|334.81|311.5|314.5|314.5|3677000.0|-0.02|-1.72|23.31|323.15|6463099.98
0001647639|1647639|Upstart Holdings, Inc.|UPST|Gu Paul|0001832812|1|1|0|0|SVP, Product and Data Science|Employee Stock Option (Right to buy)|2021-10-27|4|M|0|20000|D|90000|D|https://www.sec.gov/Archives/edgar/data/1647639/000183281221000004/wf-form4_163554601580311.xml|320.0|334.81|311.5|314.5|314.5|3677000.0|-0.02|-1.72|23.31|323.15|6463099.98
0001647639|1647639|Upstart Holdings, Inc.|UPST|Girouard Dave|0001832805|1|1|1|0|Chief Executive Officer|Series B Preferred Stock|2020-12-18|4|C|0|385383|D|0|I|https://www.sec.gov/Archives/edgar/data/1647639/000120919120064687/doc4.xml|38.02|48.66|37.06|44.09|44.09|7266500.0|0.16|15.97|11.6|42.86|16517515.62
0001647639|1647639|Upstart Holdings, Inc.|UPST|Girouard Dave|0001832805|1|1|1|0|Chief Executive Officer|Series C-1 Preferred Stock|2020-12-18|4|C|0|407457|D|0|I|https://www.sec.gov/Archives/edgar/data/1647639/000120919120064687/doc4.xml|38.02|48.66|37.06|44.09|44.09|7266500.0|0.16|15.97|11.6|42.86|17463607.27
0001647639|1647639|Upstart Holdings, Inc.|UPST|Girouard Dave|0001832805|1|1|1|0|Chief Executive Officer|Series B Preferred Stock|2020-12-18|4|C|0|385383|D|0|I|https://www.sec.gov/Archives/edgar/data/1647639/000120919120064687/doc4.xml|38.02|48.66|37.06|44.09|44.09|7266500.0|0.16|15.97|11.6|42.86|16517515.62
0001647639|1647639|Upstart Holdings, Inc.|UPST|Girouard Dave|0001832805|1|1|1|0|Chief Executive Officer|Series C-1 Preferred Stock|2020-12-18|4|C|0|407457|D|0|I|https://www.sec.gov/Archives/edgar/data/1647639/000120919120064687/doc4.xml|38.02|48.66|37.06|44.09|44.09|7266500.0|0.16|15.97|11.6|42.86|17463607.27
0001647639|1647639|Upstart Holdings, Inc.|UPST|Mirgorodskaya Natalia|0001833851|0|1|0|0|Corporate Controller|Employee Stock Option (Right to buy)|2021-03-20|4|A|0|3943|A|3943|D|https://www.sec.gov/Archives/edgar/data/1647639/000120919121022657/doc4.xml|||||||||||
0001647639|1647639|Upstart Holdings, Inc.|UPST|Mirgorodskaya Natalia|0001833851|0|1|0|0|Corporate Controller|Employee Stock Option (Right to buy)|2021-03-20|4|A|0|4354|A|4354|D|https://www.sec.gov/Archives/edgar/data/1647639/000120919121022657/doc4.xml|||||||||||
0001647639|1647639|Upstart Holdings, Inc.|UPST|Mirgorodskaya Natalia|0001833851|0|1|0|0|Corporate Controller|Employee Stock Option (Right to buy)|2021-03-20|4|A|0|3943|A|3943|D|https://www.sec.gov/Archives/edgar/data/1647639/000120919121022657/doc4.xml|||||||||||
0001647639|1647639|Upstart Holdings, Inc.|UPST|Mirgorodskaya Natalia|0001833851|0|1|0|0|Corporate Controller|Employee Stock Option (Right to buy)|2021-03-20|4|A|0|4354|A|4354|D|https://www.sec.gov/Archives/edgar/data/1647639/000120919121022657/doc4.xml|||||||||||
0001647639|1647639|Upstart Holdings, Inc.|UPST|Nicoll Alison|0001833661|0|1|0|0|General Counsel|Employee Stock Option (Right to buy)|2021-03-20|4|A|0|24460|A|24460|D|https://www.sec.gov/Archives/edgar/data/1647639/000120919121022658/doc4.xml|||||||||||
0001647639|1647639|Upstart Holdings, Inc.|UPST|Nicoll Alison|0001833661|0|1|0|0|General Counsel|Employee Stock Option (Right to buy)|2021-03-20|4|A|0|24460|A|24460|D|https://www.sec.gov/Archives/edgar/data/1647639/000120919121022658/doc4.xml|||||||||||
0001647639|1647639|Upstart Holdings, Inc.|UPST|Datta Sanjay|0001832808|0|1|0|0|Chief Financial Officer|Employee Stock Option (Right to buy)|2022-12-12|4|M|0|3200|D|85039|D|https://www.sec.gov/Archives/edgar/data/1647639/000162828022031951/wf-form4_167106558788562.xml|17.25|17.64|16.81|17.36|17.36|3554300.0|0.01|0.64|0.83|17.23|55121.6
0001647639|1647639|Upstart Holdings, Inc.|UPST|Datta Sanjay|0001832808|0|1|0|0|Chief Financial Officer|Employee Stock Option (Right to buy)|2022-12-12|4|M|0|3200|D|85039|D|https://www.sec.gov/Archives/edgar/data/1647639/000162828022031951/wf-form4_167106558788562.xml|17.25|17.64|16.81|17.36|17.36|3554300.0|0.01|0.64|0.83|17.23|55121.6
0001647639|1647639|Upstart Holdings, Inc.|UPST|Nicoll Alison|0001833661|0|1|0|0|General Counsel|Employee Stock Option (Right to buy)|2022-01-05|4|M|0|5000|D|0|D|https://www.sec.gov/Archives/edgar/data/1647639/000162828022000536/wf-form4_164159539041280.xml|135.12|142.74|123.1|123.82|123.82|6367800.0|-0.08|-8.36|19.64|132.92|664600.01
0001647639|1647639|Upstart Holdings, Inc.|UPST|Nicoll Alison|0001833661|0|1|0|0|General Counsel|Employee Stock Option (Right to buy)|2022-01-05|4|M|0|2500|D|72500|D|https://www.sec.gov/Archives/edgar/data/1647639/000162828022000536/wf-form4_164159539041280.xml|135.12|142.74|123.1|123.82|123.82|6367800.0|-0.08|-8.36|19.64|132.92|332300.0
0001647639|1647639|Upstart Holdings, Inc.|UPST|Nicoll Alison|0001833661|0|1|0|0|General Counsel|Employee Stock Option (Right to buy)|2022-01-05|4|M|0|5000|D|0|D|https://www.sec.gov/Archives/edgar/data/1647639/000162828022000536/wf-form4_164159539041280.xml|135.12|142.74|123.1|123.82|123.82|6367800.0|-0.08|-8.36|19.64|132.92|664600.01
0001647639|1647639|Upstart Holdings, Inc.|UPST|Nicoll Alison|0001833661|0|1|0|0|General Counsel|Employee Stock Option (Right to buy)|2022-01-05|4|M|0|2500|D|72500|D|https://www.sec.gov/Archives/edgar/data/1647639/000162828022000536/wf-form4_164159539041280.xml|135.12|142.74|123.1|123.82|123.82|6367800.0|-0.08|-8.36|19.64|132.92|332300.0
0001647639|1647639|Upstart Holdings, Inc.|UPST|Nicoll Alison|0001833661|0|1|0|0|General Counsel and Secretary|Employee Stock Option (Right to buy)|2022-06-01|4|M|0|7500|D|15000|D|https://www.sec.gov/Archives/edgar/data/1647639/000162828022016162/wf-form4_165428693435533.xml|52.14|54.15|45.25|45.96|45.96|10214000.0|-0.12|-11.85|8.9|49.7|372750.01
0001647639|1647639|Upstart Holdings, Inc.|UPST|Nicoll Alison|0001833661|0|1|0|0|General Counsel and Secretary|Employee Stock Option (Right to buy)|2022-06-01|4|M|0|7500|D|15000|D|https://www.sec.gov/Archives/edgar/data/1647639/000162828022016162/wf-form4_165428693435533.xml|52.14|54.15|45.25|45.96|45.96|10214000.0|-0.12|-11.85|8.9|49.7|372750.01
0001647639|1647639|Upstart Holdings, Inc.|UPST|Nicoll Alison|0001833661|0|1|0|0|General Counsel|Employee Stock Option (Right to buy)|2021-12-22|4|M|0|125000|D|0|D|https://www.sec.gov/Archives/edgar/data/1647639/000162828021025557/wf-form4_164029429968840.xml|145.45|150.82|142.22|145.28|145.28|4402200.0|-0.0|-0.11|8.6|146.52|18315000.53
0001647639|1647639|Upstart Holdings, Inc.|UPST|Nicoll Alison|0001833661|0|1|0|0|General Counsel|Employee Stock Option (Right to buy)|2021-12-22|4|M|0|40050|D|59950|D|https://www.sec.gov/Archives/edgar/data/1647639/000162828021025557/wf-form4_164029429968840.xml|145.45|150.82|142.22|145.28|145.28|4402200.0|-0.0|-0.11|8.6|146.52|5868126.17
0001647639|1647639|Upstart Holdings, Inc.|UPST|Nicoll Alison|0001833661|0|1|0|0|General Counsel|Employee Stock Option (Right to buy)|2021-12-22|4|M|0|7500|D|12500|D|https://www.sec.gov/Archives/edgar/data/1647639/000162828021025557/wf-form4_164029429968840.xml|145.45|150.82|142.22|145.28|145.28|4402200.0|-0.0|-0.11|8.6|146.52|1098900.03
0001647639|1647639|Upstart Holdings, Inc.|UPST|Nicoll Alison|0001833661|0|1|0|0|General Counsel|Employee Stock Option (Right to buy)|2021-12-22|4|M|0|125000|D|0|D|https://www.sec.gov/Archives/edgar/data/1647639/000162828021025557/wf-form4_164029429968840.xml|145.45|150.82|142.22|145.28|145.28|4402200.0|-0.0|-0.11|8.6|146.52|18315000.53
0001647639|1647639|Upstart Holdings, Inc.|UPST|Nicoll Alison|0001833661|0|1|0|0|General Counsel|Employee Stock Option (Right to buy)|2021-12-22|4|M|0|40050|D|59950|D|https://www.sec.gov/Archives/edgar/data/1647639/000162828021025557/wf-form4_164029429968840.xml|145.45|150.82|142.22|145.28|145.28|4402200.0|-0.0|-0.11|8.6|146.52|5868126.17
0001647639|1647639|Upstart Holdings, Inc.|UPST|Nicoll Alison|0001833661|0|1|0|0|General Counsel|Employee Stock Option (Right to buy)|2021-12-22|4|M|0|7500|D|12500|D|https://www.sec.gov/Archives/edgar/data/1647639/000162828021025557/wf-form4_164029429968840.xml|145.45|150.82|142.22|145.28|145.28|4402200.0|-0.0|-0.11|8.6|146.52|1098900.03
0001647639|1647639|Upstart Holdings, Inc.|UPST|Nicoll Alison|0001833661|0|1|0|0|General Counsel|Employee Stock Option (Right to buy)|2021-09-22|4|M|0|22500|D|145435|D|https://www.sec.gov/Archives/edgar/data/1647639/000120919121057624/doc4.xml|324.0|334.44|311.67|323.51|323.51|6209400.0|-0.0|-0.15|22.77|323.06|7268737.68
0001647639|1647639|Upstart Holdings, Inc.|UPST|Nicoll Alison|0001833661|0|1|0|0|General Counsel|Employee Stock Option (Right to buy)|2021-09-22|4|M|0|22500|D|145435|D|https://www.sec.gov/Archives/edgar/data/1647639/000120919121057624/doc4.xml|324.0|334.44|311.67|323.51|323.51|6209400.0|-0.0|-0.15|22.77|323.06|7268737.68
0001647639|1647639|Upstart Holdings, Inc.|UPST|Nicoll Alison|0001833661|0|1|0|0|General Counsel|Employee Stock Option (Right to buy)|2022-01-26|4|M|0|7500|D|50000|D|https://www.sec.gov/Archives/edgar/data/1647639/000162828022001452/wf-form4_164340576190003.xml|98.23|106.07|94.0|96.05|96.05|9932900.0|-0.02|-2.22|12.07|100.03|750262.5
0001647639|1647639|Upstart Holdings, Inc.|UPST|Nicoll Alison|0001833661|0|1|0|0|General Counsel|Employee Stock Option (Right to buy)|2022-01-26|4|M|0|7500|D|50000|D|https://www.sec.gov/Archives/edgar/data/1647639/000162828022001452/wf-form4_164340576190003.xml|98.23|106.07|94.0|96.05|96.05|9932900.0|-0.02|-2.22|12.07|100.03|750262.5
0001647639|1647639|Upstart Holdings, Inc.|UPST|Hentges Mary|0001829575|1|0|0|0||Stock Option (Right to buy)|2021-11-15|4|M|0|30000|D|98295|D|https://www.sec.gov/Archives/edgar/data/1647639/000162828021023759/wf-form4_163719720329750.xml|260.52|261.99|232.5|233.78|233.78|7801600.0|-0.1|-10.26|29.49|247.24|7417349.85
0001647639|1647639|Upstart Holdings, Inc.|UPST|Hentges Mary|0001829575|1|0|0|0||Stock Option (Right to buy)|2021-11-15|4|M|0|30000|D|98295|D|https://www.sec.gov/Archives/edgar/data/1647639/000162828021023759/wf-form4_163719720329750.xml|260.52|261.99|232.5|233.78|233.78|7801600.0|-0.1|-10.26|29.49|247.24|7417349.85
0001647639|1647639|Upstart Holdings, Inc.|UPST|Nicoll Alison|0001833661|0|1|0|0|General Counsel and Secretary|Employee Stock Option (Right to buy)|2022-04-20|4|M|0|7500|D|60000|D|https://www.sec.gov/Archives/edgar/data/1647639/000162828022010021/wf-form4_165065874662478.xml|87.9|88.72|78.44|79.63|79.63|10153800.0|-0.09|-9.41|10.28|83.58|626850.01
0001647639|1647639|Upstart Holdings, Inc.|UPST|Nicoll Alison|0001833661|0|1|0|0|General Counsel and Secretary|Employee Stock Option (Right to buy)|2022-04-20|4|M|0|7500|D|60000|D|https://www.sec.gov/Archives/edgar/data/1647639/000162828022010021/wf-form4_165065874662478.xml|87.9|88.72|78.44|79.63|79.63|10153800.0|-0.09|-9.41|10.28|83.58|626850.01
0001647639|1647639|Upstart Holdings, Inc.|UPST|Nicoll Alison|0001833661|0|1|0|0|General Counsel|Employee Stock Option (Right to buy)|2021-11-10|4|M|0|10435|D|0|D|https://www.sec.gov/Archives/edgar/data/1647639/000183366121000006/wf-form4_163675140082173.xml|242.75|270.87|239.98|256.59|256.59|14442600.0|0.06|5.7|30.89|255.42|2665359.83
0001647639|1647639|Upstart Holdings, Inc.|UPST|Nicoll Alison|0001833661|0|1|0|0|General Counsel|Employee Stock Option (Right to buy)|2021-11-10|4|M|0|12065|D|62500|D|https://www.sec.gov/Archives/edgar/data/1647639/000183366121000006/wf-form4_163675140082173.xml|242.75|270.87|239.98|256.59|256.59|14442600.0|0.06|5.7|30.89|255.42|3081702.57
0001647639|1647639|Upstart Holdings, Inc.|UPST|Nicoll Alison|0001833661|0|1|0|0|General Counsel|Employee Stock Option (Right to buy)|2021-11-10|4|M|0|10435|D|0|D|https://www.sec.gov/Archives/edgar/data/1647639/000183366121000006/wf-form4_163675140082173.xml|242.75|270.87|239.98|256.59|256.59|14442600.0|0.06|5.7|30.89|255.42|2665359.83
0001647639|1647639|Upstart Holdings, Inc.|UPST|Nicoll Alison|0001833661|0|1|0|0|General Counsel|Employee Stock Option (Right to buy)|2021-11-10|4|M|0|12065|D|62500|D|https://www.sec.gov/Archives/edgar/data/1647639/000183366121000006/wf-form4_163675140082173.xml|242.75|270.87|239.98|256.59|256.59|14442600.0|0.06|5.7|30.89|255.42|3081702.57
0001647639|1647639|Upstart Holdings, Inc.|UPST|Nicoll Alison|0001833661|0|1|0|0|General Counsel|Employee Stock Option (Right to buy)|2021-11-03|4|M|0|22500|D|10435|D|https://www.sec.gov/Archives/edgar/data/1647639/000183366121000004/wf-form4_163614697421780.xml|343.28|343.3|320.2|330.11|330.11|3148700.0|-0.04|-3.84|23.1|331.75|7464375.0
0001647639|1647639|Upstart Holdings, Inc.|UPST|Nicoll Alison|0001833661|0|1|0|0|General Counsel|Employee Stock Option (Right to buy)|2021-11-03|4|M|0|22500|D|10435|D|https://www.sec.gov/Archives/edgar/data/1647639/000183366121000004/wf-form4_163614697421780.xml|343.28|343.3|320.2|330.11|330.11|3148700.0|-0.04|-3.84|23.1|331.75|7464375.0
0001647639|1647639|Upstart Holdings, Inc.|UPST|Nicoll Alison|0001833661|0|1|0|0|General Counsel|Employee Stock Option (Right to buy)|2021-09-29|4|M|0|22500|D|122935|D|https://www.sec.gov/Archives/edgar/data/1647639/000120919121058510/doc4.xml|319.01|332.1|317.33|320.0|320.0|4826700.0|0.0|0.31|14.77|324.71|7306087.42
0001647639|1647639|Upstart Holdings, Inc.|UPST|Nicoll Alison|0001833661|0|1|0|0|General Counsel|Employee Stock Option (Right to buy)|2021-09-29|4|M|0|22500|D|122935|D|https://www.sec.gov/Archives/edgar/data/1647639/000120919121058510/doc4.xml|319.01|332.1|317.33|320.0|320.0|4826700.0|0.0|0.31|14.77|324.71|7306087.42
0001647639|1647639|Upstart Holdings, Inc.|UPST|Nicoll Alison|0001833661|0|1|0|0|General Counsel|Employee Stock Option (Right to buy)|2021-08-18|4|M|0|22500|D|327935|D|https://www.sec.gov/Archives/edgar/data/1647639/000120919121052836/doc4.xml|204.6|220.11|203.6|212.27|212.27|8752000.0|0.04|3.75|16.51|211.86|4766737.58
0001647639|1647639|Upstart Holdings, Inc.|UPST|Nicoll Alison|0001833661|0|1|0|0|General Counsel|Employee Stock Option (Right to buy)|2021-08-18|4|M|0|22500|D|327935|D|https://www.sec.gov/Archives/edgar/data/1647639/000120919121052836/doc4.xml|204.6|220.11|203.6|212.27|212.27|8752000.0|0.04|3.75|16.51|211.86|4766737.58
0001647639|1647639|Upstart Holdings, Inc.|UPST|Loeb Daniel S|0001300345|0|0|1|1||Series C Convertible Preferred Stock|2020-12-18|4|C|0|6945796|D|0|I|https://www.sec.gov/Archives/edgar/data/1647639/000156761920021491/doc1.xml|38.02|48.66|37.06|44.09|44.09|7266500.0|0.16|15.97|11.6|42.86|297696820.8
0001647639|1647639|Upstart Holdings, Inc.|UPST|Loeb Daniel S|0001300345|0|0|1|1||Series C-1 Convertible Preferred Stock (Common Stock)|2020-12-18|4|C|0|5235426|D|0|I|https://www.sec.gov/Archives/edgar/data/1647639/000156761920021491/doc1.xml|38.02|48.66|37.06|44.09|44.09|7266500.0|0.16|15.97|11.6|42.86|224390361.56
0001647639|1647639|Upstart Holdings, Inc.|UPST|Loeb Daniel S|0001300345|0|0|1|1||Series C Convertible Preferred Stock|2020-12-18|4|C|0|6945796|D|0|I|https://www.sec.gov/Archives/edgar/data/1647639/000156761920021491/doc1.xml|38.02|48.66|37.06|44.09|44.09|7266500.0|0.16|15.97|11.6|42.86|297696820.8
0001647639|1647639|Upstart Holdings, Inc.|UPST|Loeb Daniel S|0001300345|0|0|1|1||Series C-1 Convertible Preferred Stock (Common Stock)|2020-12-18|4|C|0|5235426|D|0|I|https://www.sec.gov/Archives/edgar/data/1647639/000156761920021491/doc1.xml|38.02|48.66|37.06|44.09|44.09|7266500.0|0.16|15.97|11.6|42.86|224390361.56
0001647639|1647639|Upstart Holdings, Inc.|UPST|Nicoll Alison|0001833661|0|1|0|0|General Counsel|Employee Stock Option (Right to buy)|2021-10-13|4|M|0|22500|D|77935|D|https://www.sec.gov/Archives/edgar/data/1647639/000120919121060545/doc4.xml|337.7|345.69|328.36|344.89|344.89|4122600.0|0.02|2.13|17.33|337.02|7583062.36
0001647639|1647639|Upstart Holdings, Inc.|UPST|Nicoll Alison|0001833661|0|1|0|0|General Counsel|Employee Stock Option (Right to buy)|2021-10-13|4|M|0|22500|D|77935|D|https://www.sec.gov/Archives/edgar/data/1647639/000120919121060545/doc4.xml|337.7|345.69|328.36|344.89|344.89|4122600.0|0.02|2.13|17.33|337.02|7583062.36
0001647639|1647639|Upstart Holdings, Inc.|UPST|Nicoll Alison|0001833661|0|1|0|0|General Counsel and Secretary|Employee Stock Option (Right to buy)|2022-05-04|4|M|0|7500|D|45000|D|https://www.sec.gov/Archives/edgar/data/1647639/000162828022013066/wf-form4_165186931563892.xml|83.72|94.43|83.5|93.57|93.57|11244100.0|0.12|11.76|10.93|88.97|667237.5
0001647639|1647639|Upstart Holdings, Inc.|UPST|Nicoll Alison|0001833661|0|1|0|0|General Counsel and Secretary|Employee Stock Option (Right to buy)|2022-05-04|4|M|0|7500|D|45000|D|https://www.sec.gov/Archives/edgar/data/1647639/000162828022013066/wf-form4_165186931563892.xml|83.72|94.43|83.5|93.57|93.57|11244100.0|0.12|11.76|10.93|88.97|667237.5
0001647639|1647639|Upstart Holdings, Inc.|UPST|Datta Sanjay|0001832808|0|1|0|0|Chief Financial Officer|Employee Stock Option (Right to buy)|2022-12-19|4|M|0|3200|D|81839|D|https://www.sec.gov/Archives/edgar/data/1647639/000162828022032417/wf-form4_167165702252181.xml|15.38|15.38|14.32|14.55|14.55|3705500.0|-0.05|-5.4|1.06|14.85|47520.0
0001647639|1647639|Upstart Holdings, Inc.|UPST|Datta Sanjay|0001832808|0|1|0|0|Chief Financial Officer|Employee Stock Option (Right to buy)|2022-12-20|4|M|0|18300|D|632607|D|https://www.sec.gov/Archives/edgar/data/1647639/000162828022032417/wf-form4_167165702252181.xml|14.38|15.06|14.19|14.4|14.4|2798300.0|0.0|0.17|0.87|14.62|267637.5
0001647639|1647639|Upstart Holdings, Inc.|UPST|Datta Sanjay|0001832808|0|1|0|0|Chief Financial Officer|Employee Stock Option (Right to buy)|2022-12-19|4|M|0|3200|D|81839|D|https://www.sec.gov/Archives/edgar/data/1647639/000162828022032417/wf-form4_167165702252181.xml|15.38|15.38|14.32|14.55|14.55|3705500.0|-0.05|-5.4|1.06|14.85|47520.0
0001647639|1647639|Upstart Holdings, Inc.|UPST|Datta Sanjay|0001832808|0|1|0|0|Chief Financial Officer|Employee Stock Option (Right to buy)|2022-12-20|4|M|0|18300|D|632607|D|https://www.sec.gov/Archives/edgar/data/1647639/000162828022032417/wf-form4_167165702252181.xml|14.38|15.06|14.19|14.4|14.4|2798300.0|0.0|0.17|0.87|14.62|267637.5
0001647639|1647639|Upstart Holdings, Inc.|UPST|Mirgorodskaya Natalia|0001833851|0|1|0|0|Corporate Controller|Employee Stock Option (Right to buy)|2022-08-31|4|A|0|13137|A|13137|D|https://www.sec.gov/Archives/edgar/data/1647639/000162828022024298/wf-form4_166215267607379.xml|25.74|26.68|25.38|25.9|25.9|9094400.0|0.01|0.62|1.3|26.03|341956.11
0001647639|1647639|Upstart Holdings, Inc.|UPST|Mirgorodskaya Natalia|0001833851|0|1|0|0|Corporate Controller|Employee Stock Option (Right to buy)|2022-09-01|4|M|0|4000|A|12000|D|https://www.sec.gov/Archives/edgar/data/1647639/000162828022024298/wf-form4_166215267607379.xml|25.22|26.07|24.25|25.95|25.95|6069500.0|0.03|2.89|1.82|25.16|100640.0
0001647639|1647639|Upstart Holdings, Inc.|UPST|Mirgorodskaya Natalia|0001833851|0|1|0|0|Corporate Controller|Employee Stock Option (Right to buy)|2022-08-31|4|A|0|13137|A|13137|D|https://www.sec.gov/Archives/edgar/data/1647639/000162828022024298/wf-form4_166215267607379.xml|25.74|26.68|25.38|25.9|25.9|9094400.0|0.01|0.62|1.3|26.03|341956.11
0001647639|1647639|Upstart Holdings, Inc.|UPST|Mirgorodskaya Natalia|0001833851|0|1|0|0|Corporate Controller|Employee Stock Option (Right to buy)|2022-09-01|4|M|0|4000|A|12000|D|https://www.sec.gov/Archives/edgar/data/1647639/000162828022024298/wf-form4_166215267607379.xml|25.22|26.07|24.25|25.95|25.95|6069500.0|0.03|2.89|1.82|25.16|100640.0
0001647639|1647639|Upstart Holdings, Inc.|UPST|Nicoll Alison|0001833661|0|1|0|0|General Counsel|Employee Stock Option (Right to buy)|2021-09-08|4|M|0|22500|D|190435|D|https://www.sec.gov/Archives/edgar/data/1647639/000120919121055546/doc4.xml|275.25|276.57|260.93|274.33|274.33|6904100.0|-0.0|-0.33|15.64|268.75|6046875.0
0001647639|1647639|Upstart Holdings, Inc.|UPST|Nicoll Alison|0001833661|0|1|0|0|General Counsel|Employee Stock Option (Right to buy)|2021-09-08|4|M|0|22500|D|190435|D|https://www.sec.gov/Archives/edgar/data/1647639/000120919121055546/doc4.xml|275.25|276.57|260.93|274.33|274.33|6904100.0|-0.0|-0.33|15.64|268.75|6046875.0
0001647639|1647639|Upstart Holdings, Inc.|UPST|Gu Paul|0001832812|1|1|0|0|SVP, Product and Data Science|Employee Stock Option (Right to buy)|2022-03-01|4|M|0|2000|D|180876|D|https://www.sec.gov/Archives/edgar/data/1647639/000162828022004982/wf-form4_164634896777915.xml|160.0|161.0|144.13|145.4|145.4|12414200.0|-0.09|-9.13|16.87|152.57|305130.0
0001647639|1647639|Upstart Holdings, Inc.|UPST|Gu Paul|0001832812|1|1|0|0|SVP, Product and Data Science|Employee Stock Option (Right to buy)|2022-03-01|4|M|0|2000|D|180876|D|https://www.sec.gov/Archives/edgar/data/1647639/000162828022004982/wf-form4_164634896777915.xml|160.0|161.0|144.13|145.4|145.4|12414200.0|-0.09|-9.13|16.87|152.57|305130.0
0001647639|1647639|Upstart Holdings, Inc.|UPST|Nicoll Alison|0001833661|0|1|0|0|General Counsel and Secretary|Employee Stock Option (Right to buy)|2022-05-13|4|M|0|59950|D|0|D|https://www.sec.gov/Archives/edgar/data/1647639/000162828022014689/wf-form4_165283234012380.xml|35.25|38.29|33.16|38.13|38.13|16614800.0|0.08|8.17|5.13|35.73|2141713.77
0001647639|1647639|Upstart Holdings, Inc.|UPST|Nicoll Alison|0001833661|0|1|0|0|General Counsel and Secretary|Employee Stock Option (Right to buy)|2022-05-13|4|M|0|17495|D|82505|D|https://www.sec.gov/Archives/edgar/data/1647639/000162828022014689/wf-form4_165283234012380.xml|35.25|38.29|33.16|38.13|38.13|16614800.0|0.08|8.17|5.13|35.73|625008.88
0001647639|1647639|Upstart Holdings, Inc.|UPST|Nicoll Alison|0001833661|0|1|0|0|General Counsel and Secretary|Employee Stock Option (Right to buy)|2022-05-13|4|M|0|3153|D|21847|D|https://www.sec.gov/Archives/edgar/data/1647639/000162828022014689/wf-form4_165283234012380.xml|35.25|38.29|33.16|38.13|38.13|16614800.0|0.08|8.17|5.13|35.73|112640.93
0001647639|1647639|Upstart Holdings, Inc.|UPST|Nicoll Alison|0001833661|0|1|0|0|General Counsel and Secretary|Employee Stock Option (Right to buy)|2022-05-13|4|M|0|7190|D|117810|D|https://www.sec.gov/Archives/edgar/data/1647639/000162828022014689/wf-form4_165283234012380.xml|35.25|38.29|33.16|38.13|38.13|16614800.0|0.08|8.17|5.13|35.73|256862.75
0001647639|1647639|Upstart Holdings, Inc.|UPST|Nicoll Alison|0001833661|0|1|0|0|General Counsel and Secretary|Employee Stock Option (Right to buy)|2022-05-16|4|M|0|600|D|44400|D|https://www.sec.gov/Archives/edgar/data/1647639/000162828022014689/wf-form4_165283234012380.xml|37.38|40.33|36.99|37.79|37.79|8817800.0|0.01|1.1|3.34|38.66|23196.0
0001647639|1647639|Upstart Holdings, Inc.|UPST|Nicoll Alison|0001833661|0|1|0|0|General Counsel and Secretary|Employee Stock Option (Right to buy)|2022-05-13|4|M|0|59950|D|0|D|https://www.sec.gov/Archives/edgar/data/1647639/000162828022014689/wf-form4_165283234012380.xml|35.25|38.29|33.16|38.13|38.13|16614800.0|0.08|8.17|5.13|35.73|2141713.77
0001647639|1647639|Upstart Holdings, Inc.|UPST|Nicoll Alison|0001833661|0|1|0|0|General Counsel and Secretary|Employee Stock Option (Right to buy)|2022-05-13|4|M|0|17495|D|82505|D|https://www.sec.gov/Archives/edgar/data/1647639/000162828022014689/wf-form4_165283234012380.xml|35.25|38.29|33.16|38.13|38.13|16614800.0|0.08|8.17|5.13|35.73|625008.88
0001647639|1647639|Upstart Holdings, Inc.|UPST|Nicoll Alison|0001833661|0|1|0|0|General Counsel and Secretary|Employee Stock Option (Right to buy)|2022-05-13|4|M|0|3153|D|21847|D|https://www.sec.gov/Archives/edgar/data/1647639/000162828022014689/wf-form4_165283234012380.xml|35.25|38.29|33.16|38.13|38.13|16614800.0|0.08|8.17|5.13|35.73|112640.93
0001647639|1647639|Upstart Holdings, Inc.|UPST|Nicoll Alison|0001833661|0|1|0|0|General Counsel and Secretary|Employee Stock Option (Right to buy)|2022-05-13|4|M|0|7190|D|117810|D|https://www.sec.gov/Archives/edgar/data/1647639/000162828022014689/wf-form4_165283234012380.xml|35.25|38.29|33.16|38.13|38.13|16614800.0|0.08|8.17|5.13|35.73|256862.75
0001647639|1647639|Upstart Holdings, Inc.|UPST|Nicoll Alison|0001833661|0|1|0|0|General Counsel and Secretary|Employee Stock Option (Right to buy)|2022-05-16|4|M|0|600|D|44400|D|https://www.sec.gov/Archives/edgar/data/1647639/000162828022014689/wf-form4_165283234012380.xml|37.38|40.33|36.99|37.79|37.79|8817800.0|0.01|1.1|3.34|38.66|23196.0
0001647639|1647639|Upstart Holdings, Inc.|UPST|Gu Paul|0001832812|1|1|0|0|SVP, Product and Data Science|Employee Stock Option (Right to buy)|2022-01-04|4|M|0|29208|D|130792|D|https://www.sec.gov/Archives/edgar/data/1647639/000162828022000455/wf-form4_164151552327051.xml|144.91|146.83|133.34|136.58|136.58|5711700.0|-0.06|-5.75|13.49|140.08|4091602.65
0001647639|1647639|Upstart Holdings, Inc.|UPST|Gu Paul|0001832812|1|1|0|0|SVP, Product and Data Science|Employee Stock Option (Right to buy)|2022-01-04|4|M|0|12500|D|137500|D|https://www.sec.gov/Archives/edgar/data/1647639/000162828022000455/wf-form4_164151552327051.xml|144.91|146.83|133.34|136.58|136.58|5711700.0|-0.06|-5.75|13.49|140.08|1751062.49
0001647639|1647639|Upstart Holdings, Inc.|UPST|Gu Paul|0001832812|1|1|0|0|SVP, Product and Data Science|Employee Stock Option (Right to buy)|2022-01-04|4|M|0|29208|D|130792|D|https://www.sec.gov/Archives/edgar/data/1647639/000162828022000455/wf-form4_164151552327051.xml|144.91|146.83|133.34|136.58|136.58|5711700.0|-0.06|-5.75|13.49|140.08|4091602.65
0001647639|1647639|Upstart Holdings, Inc.|UPST|Gu Paul|0001832812|1|1|0|0|SVP, Product and Data Science|Employee Stock Option (Right to buy)|2022-01-04|4|M|0|12500|D|137500|D|https://www.sec.gov/Archives/edgar/data/1647639/000162828022000455/wf-form4_164151552327051.xml|144.91|146.83|133.34|136.58|136.58|5711700.0|-0.06|-5.75|13.49|140.08|1751062.49
0001647639|1647639|Upstart Holdings, Inc.|UPST|Singh Cassidy Sukhinder|0001470176|1|0|0|0||Stock Option (Right to buy)|2021-11-19|4|M|0|5000|D|123295|D|https://www.sec.gov/Archives/edgar/data/1647639/000162828021024057/wf-form4_163770283212762.xml|227.52|228.63|205.29|206.97|206.97|6476800.0|-0.09|-9.03|23.34|216.96|1084800.0
0001647639|1647639|Upstart Holdings, Inc.|UPST|Singh Cassidy Sukhinder|0001470176|1|0|0|0||Stock Option (Right to buy)|2021-11-19|4|M|0|5000|D|123295|D|https://www.sec.gov/Archives/edgar/data/1647639/000162828021024057/wf-form4_163770283212762.xml|227.52|228.63|205.29|206.97|206.97|6476800.0|-0.09|-9.03|23.34|216.96|1084800.0
0001647639|1647639|Upstart Holdings, Inc.|UPST|Girouard Dave|0001832805|1|1|1|0|Chief Executive Officer|Employee Stock Option (Right to buy)|2021-03-20|4|A|0|106486|A|106486|D|https://www.sec.gov/Archives/edgar/data/1647639/000120919121022652/doc4.xml|||||||||||
0001647639|1647639|Upstart Holdings, Inc.|UPST|Girouard Dave|0001832805|1|1|1|0|Chief Executive Officer|Employee Stock Option (Right to buy)|2021-03-20|4|A|0|106486|A|106486|D|https://www.sec.gov/Archives/edgar/data/1647639/000120919121022652/doc4.xml|||||||||||
0001647639|1647639|Upstart Holdings, Inc.|UPST|Mirgorodskaya Natalia|0001833851|0|1|0|0|Corporate Controller|Employee Stock Option (Right to buy)|2021-08-12|4|M|0|16000|D|16000|D|https://www.sec.gov/Archives/edgar/data/1647639/000120919121051689/doc4.xml|167.68|186.14|166.25|178.12|178.12|14085200.0|0.06|6.23|19.89|176.19|2819120.0
0001647639|1647639|Upstart Holdings, Inc.|UPST|Mirgorodskaya Natalia|0001833851|0|1|0|0|Corporate Controller|Employee Stock Option (Right to buy)|2021-08-12|4|M|0|16000|D|16000|D|https://www.sec.gov/Archives/edgar/data/1647639/000120919121051689/doc4.xml|167.68|186.14|166.25|178.12|178.12|14085200.0|0.06|6.23|19.89|176.19|2819120.0
